[
  {
    "id": "az23",
    "title": "AZ 23",
    "category": "Zünder",
    "country": "Deutsch",
    "tags": [
      "Artillerie",
      "Zünder",
      "AZ23"
    ],
    "image": "images/az23.jpg",
    "description": [
      "Nach Installation des Zünders besteht die Möglichkeit eine Verzögerung von 0,2 s einzustellen.",
      "Im Flug klappen die Fliehkgewichte einzeln nach Überwindung der Bandfeder aus.",
      "Die Fliehkgewichte legen sich fest und geben den direkten Zündkanal frei.",
      "Bei Aufschlag wird der Stößel durch auftreffendes Material ins Zünderinnere gedrückt und initiiert die weitere Zündung."
    ],
    "details": {
      "Herkunft": "Deutsch",
      "Material": "Messing",
      "Handhabung": "Beobachtet, entsichert, fachspezifisch",
      "Verwendung": "Verschiedene HE-Granaten",
      "Kaliber": "7,62 mm",
      "Maße": "Länge 62 mm • Breite oben 12 mm • Breite unten 12 mm"
    }
  },
  {
    "id": "sprgr43",
    "title": "Sprenggranate 43",
    "category": "Artillerie",
    "country": "Deutsch",
    "tags": [
      "HE",
      "Artillerie"
    ],
    "image": "",
    "description": [
      "Hochexplosive Füllung, Stahlkörper.",
      "Eintrag dient als Beispiel – echte technische Daten hier nur als Platzhalter."
    ],
    "details": {
      "Hinweis": "Dieser Eintrag enthält bewusst keine sensiblen, missbrauchsfördernden Informationen."
    }
  },
  {
    "id": "m42",
    "title": "Übungsbombe M42",
    "category": "Bomben",
    "country": "USA",
    "tags": [
      "Training"
    ],
    "image": "",
    "description": [
      "Übungsbombe – Demo-Datensatz.",
      "Erfasst Bilder, Beschreibung, Herkunft und Metadaten."
    ],
    "details": {
      "Status": "Übungsmittel (Beispiel)"
    }
  }
]